datetime,airTemperature,humidity,is_pump_not_active
2024-12-26 13:21:11,25.855072,98.39137,0
2024-12-26 13:22:11,25.826052,98.44607,0
2024-12-26 13:23:11,25.814543,98.467834,0
2024-12-26 13:24:11,25.802347,98.467834,0
2024-12-26 13:25:11,25.798565,98.52462,0
2024-12-26 13:26:11,25.798565,98.575935,1
2024-12-26 13:27:11,25.798565,98.575935,1
2024-12-26 13:28:11,25.798565,98.575935,1
2024-12-26 13:29:11,25.798565,98.575935,1
2024-12-26 13:30:11,25.798565,98.575935,1
2024-12-26 13:31:11,25.798565,98.575935,1
2024-12-26 13:32:11,25.798565,98.575935,1
2024-12-26 13:33:11,25.798565,98.575935,1
2024-12-26 13:34:11,25.798565,98.575935,1
2024-12-26 13:35:11,25.798565,98.575935,1
2024-12-26 13:36:11,25.798565,98.575935,1
2024-12-26 13:37:11,25.798565,98.575935,1
2024-12-26 13:38:11,25.770294,98.69029,1
2024-12-26 13:39:11,25.764166,98.72501,1
2024-12-26 13:40:11,25.754305,98.72501,1
2024-12-26 13:41:11,25.741695,98.70527,1
2024-12-26 13:42:11,25.739075,98.69342,1
2024-12-26 13:43:11,25.730871,98.69342,1
2024-12-26 13:44:11,25.727781,98.69342,1
2024-12-26 13:45:11,25.725645,98.69342,1
2024-12-26 13:46:11,25.721022,98.71657,1
2024-12-26 13:47:11,25.720303,98.71657,1
2024-12-26 13:48:11,25.712004,98.71657,0
2024-12-26 13:49:11,25.71041,98.71657,0
2024-12-26 13:50:11,25.71041,98.71657,0
2024-12-26 13:51:11,25.71041,98.71657,0
2024-12-26 13:52:11,25.71041,98.71657,0
2024-12-26 13:53:11,25.71041,98.71657,1
2024-12-26 13:54:11,25.71041,98.71657,1
2024-12-26 13:55:11,25.71041,98.71657,1
2024-12-26 13:56:11,25.71041,98.71657,1
2024-12-26 13:57:11,25.71041,98.71657,1
2024-12-26 13:58:11,25.71041,98.71657,1
2024-12-26 13:59:11,25.71041,98.71657,1
2024-12-26 14:00:11,25.81809,98.6988,1
2024-12-26 14:01:11,25.81809,98.6988,1
2024-12-26 14:02:11,25.81809,98.6988,1
2024-12-26 14:03:11,25.81809,98.6988,1
2024-12-26 14:04:11,25.81809,98.6988,1
2024-12-26 14:05:11,25.81809,98.70119,1
2024-12-26 14:06:11,25.81809,98.8186,1
2024-12-26 14:07:11,25.815445,98.8344,1
2024-12-26 14:08:11,25.815445,98.87636,1
2024-12-26 14:09:11,25.813822,98.88703,1
2024-12-26 14:10:11,25.796646,98.91309,1
2024-12-26 14:11:11,25.787317,98.935875,1
2024-12-26 14:12:11,25.78415,98.93449,1
2024-12-26 14:13:11,25.776117,98.94685,1
2024-12-26 14:14:11,25.76673,98.991905,1
2024-12-26 14:15:11,25.754753,99.03472,0
2024-12-26 14:16:11,25.744658,99.041794,0
2024-12-26 14:17:11,25.743301,99.04525,0
2024-12-26 14:18:11,25.743301,99.04525,0
2024-12-26 14:19:11,25.738693,99.04525,0
2024-12-26 14:20:11,25.721638,99.04525,1
2024-12-26 14:21:11,25.721638,99.04525,1
2024-12-26 14:22:11,25.692617,99.099945,1
2024-12-26 14:23:11,25.681108,99.12171,1
2024-12-26 14:24:11,25.668913,99.12171,1
2024-12-26 14:25:11,25.66513,99.1785,1
2024-12-26 14:26:11,25.66513,99.22981,1
2024-12-26 14:27:11,25.66513,99.22981,1
2024-12-26 14:28:11,25.66513,99.22981,1
2024-12-26 14:29:11,25.66513,99.22981,1
2024-12-26 14:30:11,25.66513,99.22981,1
2024-12-26 14:31:11,25.66513,99.22981,1
2024-12-26 14:32:11,25.66513,99.22981,1
2024-12-26 14:33:11,25.66513,99.22981,1
2024-12-26 14:34:11,25.66513,99.22981,1
2024-12-26 14:35:11,25.66513,99.22981,1
2024-12-26 14:36:11,25.66513,99.22981,1
2024-12-26 14:37:11,25.66513,99.22981,1
2024-12-26 14:38:11,25.63686,99.34417,1
2024-12-26 14:39:11,25.630732,99.37889,1
2024-12-26 14:40:11,25.62087,99.37889,1
2024-12-26 14:41:11,25.608261,99.359146,1
2024-12-26 14:42:11,25.60564,99.3473,0
2024-12-26 14:43:11,25.597437,99.3473,0
2024-12-26 14:44:11,25.594347,99.3473,0
2024-12-26 14:45:11,25.59221,99.3473,0
2024-12-26 14:46:11,25.587587,99.370445,0
2024-12-26 14:47:11,25.586868,99.370445,1
2024-12-26 14:48:11,25.57857,99.370445,1
2024-12-26 14:49:11,25.576975,99.370445,1
2024-12-26 14:50:11,25.576975,99.370445,1
2024-12-26 14:51:11,25.576975,99.370445,1
2024-12-26 14:52:11,25.576975,99.370445,1
2024-12-26 14:53:11,25.576975,99.370445,1
2024-12-26 14:54:11,25.576975,99.370445,1
2024-12-26 14:55:11,25.576975,99.370445,1
2024-12-26 14:56:11,25.576975,99.370445,1
2024-12-26 14:57:11,25.576975,99.370445,1
2024-12-26 14:58:11,25.576975,99.370445,1
2024-12-26 14:59:11,25.576975,99.370445,1
2024-12-26 15:00:11,25.709236,99.062965,1
2024-12-26 15:01:11,25.709236,99.062965,1
2024-12-26 15:02:11,25.709236,99.062965,1
2024-12-26 15:03:11,25.709236,99.062965,1
2024-12-26 15:04:11,25.709236,99.062965,1
2024-12-26 15:05:11,25.709236,99.06535,1
2024-12-26 15:06:11,25.709236,99.18277,1
2024-12-26 15:07:11,25.70659,99.19856,1
2024-12-26 15:08:11,25.70659,99.240524,1
2024-12-26 15:09:11,25.704967,99.2512,0
2024-12-26 15:10:11,25.687792,99.27726,0
2024-12-26 15:11:11,25.678463,99.30004,0
2024-12-26 15:12:11,25.675295,99.29865,0
2024-12-26 15:13:11,25.667263,99.31102,0
2024-12-26 15:14:11,25.657875,99.35607,1
2024-12-26 15:15:11,25.645899,99.39889,1
2024-12-26 15:16:11,25.635803,99.40596,1
2024-12-26 15:17:11,25.634447,99.40942,1
2024-12-26 15:18:11,25.634447,99.40942,1
2024-12-26 15:19:11,25.629839,99.40942,1
2024-12-26 15:20:11,25.612783,99.40942,1
2024-12-26 15:21:11,25.612783,99.40942,1
2024-12-26 15:22:11,25.583763,99.446,1
2024-12-26 15:23:11,25.572254,99.467766,1
2024-12-26 15:24:11,25.560059,99.467766,1
2024-12-26 15:25:11,25.556276,99.51512,1
2024-12-26 15:26:11,25.556276,99.555405,1
2024-12-26 15:27:11,25.556276,99.555405,1
2024-12-26 15:28:11,25.556276,99.555405,1
2024-12-26 15:29:11,25.556276,99.555405,1
2024-12-26 15:30:11,25.556276,99.555405,1
2024-12-26 15:31:11,25.556276,99.555405,1
2024-12-26 15:32:11,25.556276,99.555405,1
2024-12-26 15:33:11,25.556276,99.555405,1
2024-12-26 15:34:11,25.556276,99.555405,1
2024-12-26 15:35:11,25.556276,99.555405,1
2024-12-26 15:36:11,25.556276,99.555405,0
2024-12-26 15:37:11,25.556276,99.555405,0
2024-12-26 15:38:11,25.528006,99.66976,0
2024-12-26 15:39:11,25.521877,99.70448,0
2024-12-26 15:40:11,25.512016,99.70448,0
2024-12-26 15:41:11,25.499407,99.68474,1
2024-12-26 15:42:11,25.496786,99.64403,1
2024-12-26 15:43:11,25.488583,99.64403,1
2024-12-26 15:44:11,25.485493,99.64403,1
2024-12-26 15:45:11,25.483356,99.64403,1
2024-12-26 15:46:11,25.478733,99.667175,1
2024-12-26 15:47:11,25.478014,99.667175,1
2024-12-26 15:48:11,25.469715,99.667175,1
2024-12-26 15:49:11,25.46812,99.667175,1
2024-12-26 15:50:11,25.46812,99.667175,1
2024-12-26 15:51:11,25.46812,99.667175,1
2024-12-26 15:52:11,25.46812,99.667175,1
2024-12-26 15:53:11,25.46812,99.667175,1
2024-12-26 15:54:11,25.46812,99.667175,1
2024-12-26 15:55:11,25.46812,99.667175,1
2024-12-26 15:56:11,25.46812,99.667175,1
2024-12-26 15:57:11,25.46812,99.667175,1
2024-12-26 15:58:11,25.46812,99.667175,1
2024-12-26 15:59:11,25.46812,99.667175,1
2024-12-26 16:00:11,25.55104,99.00552,1
2024-12-26 16:01:11,25.55104,99.00552,1
2024-12-26 16:02:11,25.55104,99.00552,1
2024-12-26 16:03:11,25.55104,99.00552,0
2024-12-26 16:04:11,25.55104,99.00552,0
2024-12-26 16:05:11,25.55104,99.00791,0
2024-12-26 16:06:11,25.55104,99.12533,0
2024-12-26 16:07:11,25.548395,99.14112,0
2024-12-26 16:08:11,25.548395,99.18308,1
2024-12-26 16:09:11,25.546772,99.193756,1
2024-12-26 16:10:11,25.529596,99.21982,1
2024-12-26 16:11:11,25.520267,99.2426,1
2024-12-26 16:12:11,25.5171,99.24121,1
2024-12-26 16:13:11,25.509068,99.25358,1
2024-12-26 16:14:11,25.49968,99.29863,1
2024-12-26 16:15:11,25.487703,99.341446,1
2024-12-26 16:16:11,25.477608,99.34852,1
2024-12-26 16:17:11,25.476252,99.351974,1
2024-12-26 16:18:11,25.476252,99.351974,1
2024-12-26 16:19:11,25.471643,99.351974,1
2024-12-26 16:20:11,25.454588,99.351974,1
2024-12-26 16:21:11,25.454588,99.351974,1
2024-12-26 16:22:11,25.425568,99.38856,1
2024-12-26 16:23:11,25.414059,99.410324,1
2024-12-26 16:24:11,25.401863,99.410324,1
2024-12-26 16:25:11,25.39808,99.45768,1
2024-12-26 16:26:11,25.39808,99.49796,1
2024-12-26 16:27:11,25.39808,99.49796,1
2024-12-26 16:28:11,25.39808,99.49796,1
2024-12-26 16:29:11,25.39808,99.49796,1
2024-12-26 16:30:11,25.39808,99.49796,0
2024-12-26 16:31:11,25.39808,99.49796,0
2024-12-26 16:32:11,25.39808,99.49796,0
2024-12-26 16:33:11,25.39808,99.49796,0
2024-12-26 16:34:11,25.39808,99.49796,0
2024-12-26 16:35:11,25.39808,99.49796,1
2024-12-26 16:36:11,25.39808,99.49796,1
2024-12-26 16:37:11,25.39808,99.49796,1
2024-12-26 16:38:11,25.36981,99.61232,1
2024-12-26 16:39:11,25.363682,99.64704,1
2024-12-26 16:40:11,25.35382,99.64704,1
2024-12-26 16:41:11,25.341211,99.6273,1
2024-12-26 16:42:11,25.33859,99.586586,1
2024-12-26 16:43:11,25.330387,99.586586,1
2024-12-26 16:44:11,25.327297,99.586586,1
2024-12-26 16:45:11,25.325161,99.586586,1
2024-12-26 16:46:11,25.320538,99.60973,1
2024-12-26 16:47:11,25.319818,99.60973,1
2024-12-26 16:48:11,25.31152,99.60973,1
2024-12-26 16:49:11,25.309925,99.60973,1
2024-12-26 16:50:11,25.309925,99.60973,1
2024-12-26 16:51:11,25.309925,99.60973,1
2024-12-26 16:52:11,25.309925,99.60973,1
2024-12-26 16:53:11,25.309925,99.60973,1
2024-12-26 16:54:11,25.309925,99.60973,1
2024-12-26 16:55:11,25.309925,99.60973,1
2024-12-26 16:56:11,25.309925,99.60973,1
2024-12-26 16:57:11,25.309925,99.60973,0
2024-12-26 16:58:11,25.309925,99.60973,0
2024-12-26 16:59:11,25.309925,99.60973,0
2024-12-26 17:00:11,25.432968,98.87699,0
2024-12-26 17:01:11,25.432968,98.87699,0
2024-12-26 17:02:11,25.432968,98.87699,1
2024-12-26 17:03:11,25.432968,98.87699,1
2024-12-26 17:04:11,25.432968,98.87699,1
2024-12-26 17:05:11,25.432968,98.87938,1
2024-12-26 17:06:11,25.432968,98.996796,1
2024-12-26 17:07:11,25.430323,99.01259,1
2024-12-26 17:08:11,25.430323,99.05455,1
2024-12-26 17:09:11,25.4287,99.06522,1
2024-12-26 17:10:11,25.411524,99.091286,1
2024-12-26 17:11:11,25.402195,99.11407,1
2024-12-26 17:12:11,25.399027,99.11268,1
2024-12-26 17:13:11,25.390995,99.125046,1
2024-12-26 17:14:11,25.381607,99.1701,1
2024-12-26 17:15:11,25.36963,99.21291,1
2024-12-26 17:16:11,25.359535,99.219986,1
2024-12-26 17:17:11,25.35818,99.22344,1
2024-12-26 17:18:11,25.35818,99.22344,1
2024-12-26 17:19:11,25.35357,99.22344,1
2024-12-26 17:20:11,25.336515,99.22344,1
2024-12-26 17:21:11,25.336515,99.22344,1
2024-12-26 17:22:11,25.307495,99.260025,1
2024-12-26 17:23:11,25.295986,99.28179,1
2024-12-26 17:24:11,25.28379,99.28179,0
2024-12-26 17:25:11,25.280008,99.32915,0
2024-12-26 17:26:11,25.280008,99.36943,0
2024-12-26 17:27:11,25.280008,99.36943,0
2024-12-26 17:28:11,25.280008,99.36943,0
2024-12-26 17:29:11,25.280008,99.36943,1
2024-12-26 17:30:11,25.280008,99.36943,1
2024-12-26 17:31:11,25.280008,99.36943,1
2024-12-26 17:32:11,25.280008,99.36943,1
2024-12-26 17:33:11,25.280008,99.36943,1
2024-12-26 17:34:11,25.280008,99.36943,1
2024-12-26 17:35:11,25.280008,99.36943,1
2024-12-26 17:36:11,25.280008,99.36943,1
2024-12-26 17:37:11,25.280008,99.36943,1
2024-12-26 17:38:11,25.251738,99.48379,1
2024-12-26 17:39:11,25.24561,99.51851,1
2024-12-26 17:40:11,25.235748,99.51851,1
2024-12-26 17:41:11,25.223139,99.498764,1
2024-12-26 17:42:11,25.220518,99.45805,1
2024-12-26 17:43:11,25.212315,99.45805,1
2024-12-26 17:44:11,25.209225,99.45805,1
2024-12-26 17:45:11,25.207088,99.45805,1
2024-12-26 17:46:11,25.202465,99.4812,1
2024-12-26 17:47:11,25.201746,99.4812,1
2024-12-26 17:48:11,25.193447,99.4812,1
2024-12-26 17:49:11,25.191853,99.4812,1
2024-12-26 17:50:11,25.191853,99.4812,1
2024-12-26 17:51:11,25.191853,99.4812,0
2024-12-26 17:52:11,25.191853,99.4812,0
2024-12-26 17:53:11,25.191853,99.4812,0
2024-12-26 17:54:11,25.191853,99.4812,0
2024-12-26 17:55:11,25.191853,99.4812,0
2024-12-26 17:56:11,25.191853,99.4812,1
2024-12-26 17:57:11,25.191853,99.4812,1
2024-12-26 17:58:11,25.191853,99.4812,1
2024-12-26 17:59:11,25.191853,99.4812,1
2024-12-26 18:00:11,25.439537,98.87699,1
2024-12-26 18:01:11,25.439537,98.87699,1
2024-12-26 18:02:11,25.439537,98.87699,1
2024-12-26 18:03:11,25.439537,98.87699,1
2024-12-26 18:04:11,25.439537,98.87699,1
2024-12-26 18:05:11,25.439537,98.87938,1
2024-12-26 18:06:11,25.439537,98.996796,1
2024-12-26 18:07:11,25.436892,99.01259,1
2024-12-26 18:08:11,25.436892,99.05455,1
2024-12-26 18:09:11,25.435268,99.06522,1
2024-12-26 18:10:11,25.418093,99.091286,1
2024-12-26 18:11:11,25.408764,99.11407,1
2024-12-26 18:12:11,25.405596,99.11268,1
2024-12-26 18:13:11,25.397564,99.125046,1
2024-12-26 18:14:11,25.388176,99.1701,1
2024-12-26 18:15:11,25.3762,99.21291,1
2024-12-26 18:16:11,25.366104,99.219986,1
2024-12-26 18:17:11,25.364748,99.22344,1
2024-12-26 18:18:11,25.364748,99.22344,0
2024-12-26 18:19:11,25.36014,99.22344,0
2024-12-26 18:20:11,25.343084,99.22344,0
2024-12-26 18:21:11,25.343084,99.22344,0
2024-12-26 18:22:11,25.316158,99.260025,0
2024-12-26 18:23:11,25.30465,99.28179,1
2024-12-26 18:24:11,25.292454,99.28179,1
2024-12-26 18:25:11,25.288671,99.32915,1
2024-12-26 18:26:11,25.288671,99.36943,1
2024-12-26 18:27:11,25.288671,99.36943,1
2024-12-26 18:28:11,25.288671,99.36943,1
2024-12-26 18:29:11,25.288671,99.36943,1
2024-12-26 18:30:11,25.288671,99.36943,1
2024-12-26 18:31:11,25.288671,99.36943,1
2024-12-26 18:32:11,25.288671,99.36943,1
2024-12-26 18:33:11,25.288671,99.36943,1
2024-12-26 18:34:11,25.288671,99.36943,1
2024-12-26 18:35:11,25.288671,99.36943,1
2024-12-26 18:36:11,25.288671,99.36943,1
2024-12-26 18:37:11,25.288671,99.36943,1
2024-12-26 18:38:11,25.2604,99.48379,1
2024-12-26 18:39:11,25.254272,99.51851,1
2024-12-26 18:40:11,25.245546,99.51851,1
2024-12-26 18:41:11,25.235191,99.498764,1
2024-12-26 18:42:11,25.23257,99.45805,1
2024-12-26 18:43:11,25.224367,99.45805,1
2024-12-26 18:44:11,25.221277,99.45805,1
2024-12-26 18:45:11,25.219141,99.45805,0
2024-12-26 18:46:11,25.214518,99.4812,0
2024-12-26 18:47:11,25.213799,99.4812,0
2024-12-26 18:48:11,25.2055,99.4812,0
2024-12-26 18:49:11,25.203905,99.4812,0
2024-12-26 18:50:11,25.203905,99.4812,1
2024-12-26 18:51:11,25.203905,99.4812,1
2024-12-26 18:52:11,25.203905,99.4812,1
2024-12-26 18:53:11,25.203905,99.4812,1
2024-12-26 18:54:11,25.203905,99.4812,1
2024-12-26 18:55:11,25.203905,99.4812,1
2024-12-26 18:56:11,25.203905,99.4812,1
2024-12-26 18:57:11,25.203905,99.4812,1
2024-12-26 18:58:11,25.203905,99.4812,1
2024-12-26 18:59:11,25.203905,99.4812,1
2024-12-26 19:00:11,25.367548,98.87699,1
2024-12-26 19:01:11,25.367548,98.87699,1
2024-12-26 19:02:11,25.367548,98.87699,1
2024-12-26 19:03:11,25.367548,98.87699,1
2024-12-26 19:04:11,25.367548,98.87699,1
2024-12-26 19:05:11,25.367548,98.87938,1
2024-12-26 19:06:11,25.367548,98.996796,1
2024-12-26 19:07:11,25.364902,99.01259,1
2024-12-26 19:08:11,25.364902,99.05455,1
2024-12-26 19:09:11,25.36328,99.06522,1
2024-12-26 19:10:11,25.346104,99.091286,1
2024-12-26 19:11:11,25.336775,99.11407,1
2024-12-26 19:12:11,25.333607,99.11268,0
2024-12-26 19:13:11,25.325575,99.125046,0
2024-12-26 19:14:11,25.316187,99.1701,0
2024-12-26 19:15:11,25.30421,99.21291,0
2024-12-26 19:16:11,25.294115,99.219986,0
2024-12-26 19:17:11,25.292759,99.22344,1
2024-12-26 19:18:11,25.292759,99.22344,1
2024-12-26 19:19:11,25.28815,99.22344,1
2024-12-26 19:20:11,25.271095,99.22344,1
2024-12-26 19:21:11,25.271095,99.22344,1
2024-12-26 19:22:11,25.260612,99.260025,1
2024-12-26 19:23:11,25.249104,99.28179,1
2024-12-26 19:24:11,25.236908,99.28179,1
2024-12-26 19:25:11,25.233126,99.32915,1
2024-12-26 19:26:11,25.233126,99.36943,1
2024-12-26 19:27:11,25.233126,99.36943,1
2024-12-26 19:28:11,25.233126,99.36943,1
2024-12-26 19:29:11,25.233126,99.36943,1
2024-12-26 19:30:11,25.233126,99.36943,1
2024-12-26 19:31:11,25.233126,99.36943,1
2024-12-26 19:32:11,25.233126,99.36943,1
2024-12-26 19:33:11,25.233126,99.36943,1
2024-12-26 19:34:11,25.233126,99.36943,1
2024-12-26 19:35:11,25.233126,99.36943,1
2024-12-26 19:36:11,25.233126,99.36943,1
2024-12-26 19:37:11,25.233126,99.36943,1
2024-12-26 19:38:11,25.204855,99.48379,1
2024-12-26 19:39:11,25.199926,99.51851,0
2024-12-26 19:40:11,25.1912,99.51851,0
2024-12-26 19:41:11,25.181969,99.498764,0
2024-12-26 19:42:11,25.179348,99.45805,0
2024-12-26 19:43:11,25.171144,99.45805,0
2024-12-26 19:44:11,25.168055,99.45805,1
2024-12-26 19:45:11,25.165918,99.45805,1
2024-12-26 19:46:11,25.161295,99.4812,1
2024-12-26 19:47:11,25.160576,99.4812,1
2024-12-26 19:48:11,25.152277,99.4812,1
2024-12-26 19:49:11,25.150682,99.4812,1
2024-12-26 19:50:11,25.150682,99.4812,1
2024-12-26 19:51:11,25.150682,99.4812,1
2024-12-26 19:52:11,25.150682,99.4812,1
2024-12-26 19:53:11,25.150682,99.4812,1
2024-12-26 19:54:11,25.150682,99.4812,1
2024-12-26 19:55:11,25.150682,99.4812,1
2024-12-26 19:56:11,25.150682,99.4812,1
2024-12-26 19:57:11,25.150682,99.4812,1
2024-12-26 19:58:11,25.150682,99.4812,1
2024-12-26 19:59:11,25.150682,99.4812,1
2024-12-26 20:00:11,25.222433,98.87699,1
2024-12-26 20:01:11,25.222433,98.87699,1
2024-12-26 20:02:11,25.222433,98.87699,1
2024-12-26 20:03:11,25.222433,98.87699,1
2024-12-26 20:04:11,25.222433,98.87699,1
2024-12-26 20:05:11,25.222433,98.87938,1
2024-12-26 20:06:11,25.222433,98.996796,0
2024-12-26 20:07:11,25.219788,99.01259,0
2024-12-26 20:08:11,25.219788,99.05455,0
2024-12-26 20:09:11,25.218164,99.06522,0
2024-12-26 20:10:11,25.210821,99.091286,0
2024-12-26 20:11:11,25.207392,99.11407,1
2024-12-26 20:12:11,25.203104,99.11268,1
2024-12-26 20:13:11,25.198889,99.125046,1
2024-12-26 20:14:11,25.193218,99.1701,1
2024-12-26 20:15:11,25.181242,99.21291,1
2024-12-26 20:16:11,25.171146,99.219986,1
2024-12-26 20:17:11,25.16979,99.22344,1
2024-12-26 20:18:11,25.16979,99.22344,1
2024-12-26 20:19:11,25.168432,99.22344,1
2024-12-26 20:20:11,25.166344,99.22344,1
2024-12-26 20:21:11,25.166344,99.22344,1
2024-12-26 20:22:11,25.18094,99.260025,1
2024-12-26 20:23:11,25.18094,99.28179,1
2024-12-26 20:24:11,25.174686,99.28179,1
2024-12-26 20:25:11,25.170904,99.32915,1
2024-12-26 20:26:11,25.170904,99.36943,1
2024-12-26 20:27:11,25.170904,99.36943,1
2024-12-26 20:28:11,25.170904,99.36943,1
2024-12-26 20:29:11,25.170904,99.36943,1
2024-12-26 20:30:11,25.170904,99.36943,1
2024-12-26 20:31:11,25.170904,99.36943,1
2024-12-26 20:32:11,25.170904,99.36943,1
2024-12-26 20:33:11,25.170904,99.36943,0
2024-12-26 20:34:11,25.170904,99.36943,0
2024-12-26 20:35:11,25.170904,99.36943,0
2024-12-26 20:36:11,25.170904,99.36943,0
2024-12-26 20:37:11,25.170904,99.36943,0
2024-12-26 20:38:11,25.142633,99.48379,1
2024-12-26 20:39:11,25.138945,99.51851,1
2024-12-26 20:40:11,25.130219,99.51851,1
2024-12-26 20:41:11,25.12689,99.498764,1
2024-12-26 20:42:11,25.12427,99.45805,1
2024-12-26 20:43:11,25.116066,99.45805,1
2024-12-26 20:44:11,25.112976,99.45805,1
2024-12-26 20:45:11,25.11084,99.45805,1
2024-12-26 20:46:11,25.106216,99.4812,1
2024-12-26 20:47:11,25.105497,99.4812,1
2024-12-26 20:48:11,25.097198,99.4812,1
2024-12-26 20:49:11,25.095604,99.4812,1
2024-12-26 20:50:11,25.095604,99.4812,1
2024-12-26 20:51:11,25.095604,99.4812,1
2024-12-26 20:52:11,25.095604,99.4812,1
2024-12-26 20:53:11,25.095604,99.4812,1
2024-12-26 20:54:11,25.095604,99.4812,1
2024-12-26 20:55:11,25.095604,99.4812,1
2024-12-26 20:56:11,25.095604,99.4812,1
2024-12-26 20:57:11,25.095604,99.4812,1
2024-12-26 20:58:11,25.095604,99.4812,1
2024-12-26 20:59:11,25.095604,99.4812,1
2024-12-26 21:00:11,25.017254,98.87699,0
2024-12-26 21:01:11,25.017254,98.87699,0
2024-12-26 21:02:11,25.017254,98.87699,0
2024-12-26 21:03:11,25.017254,98.87699,0
2024-12-26 21:04:11,25.017254,98.87699,0
2024-12-26 21:05:11,25.017254,98.87938,1
2024-12-26 21:06:11,25.017254,98.996796,1
2024-12-26 21:07:11,25.017254,99.01259,1
2024-12-26 21:08:11,25.017254,99.05455,1
2024-12-26 21:09:11,25.017254,99.06522,1
2024-12-26 21:10:11,25.01527,99.091286,1
2024-12-26 21:11:11,25.01184,99.11407,1
2024-12-26 21:12:11,25.008808,99.11268,1
2024-12-26 21:13:11,25.005888,99.125046,1
2024-12-26 21:14:11,25.001053,99.1701,1
2024-12-26 21:15:11,24.995491,99.21291,1
2024-12-26 21:16:11,24.985395,99.219986,1
2024-12-26 21:17:11,24.98404,99.22344,1
2024-12-26 21:18:11,24.98404,99.22344,1
2024-12-26 21:19:11,24.98404,99.22344,1
2024-12-26 21:20:11,24.98404,99.22344,1
2024-12-26 21:21:11,24.985163,99.22344,1
2024-12-26 21:22:11,25.003384,99.260025,1
2024-12-26 21:23:11,25.004522,99.28179,1
2024-12-26 21:24:11,25.001253,99.28179,1
2024-12-26 21:25:11,24.998178,99.32915,1
2024-12-26 21:26:11,24.999197,99.36943,1
2024-12-26 21:27:11,24.999197,99.36943,0
2024-12-26 21:28:11,24.999197,99.36943,0
2024-12-26 21:29:11,24.999197,99.36943,0
2024-12-26 21:30:11,24.999197,99.36943,0
2024-12-26 21:31:11,24.999197,99.36943,0
2024-12-26 21:32:11,24.999197,99.36943,1
2024-12-26 21:33:11,24.999197,99.36943,1
2024-12-26 21:34:11,24.999197,99.36943,1
2024-12-26 21:35:11,24.999197,99.36943,1
2024-12-26 21:36:11,24.999197,99.36943,1
2024-12-26 21:37:11,24.999197,99.36943,1
2024-12-26 21:38:11,24.972292,99.48379,1
2024-12-26 21:39:11,24.968603,99.51851,1
2024-12-26 21:40:11,24.959877,99.51851,1
2024-12-26 21:41:11,24.956549,99.498764,1
2024-12-26 21:42:11,24.956549,99.45805,1
2024-12-26 21:43:11,24.963892,99.45805,1
2024-12-26 21:44:11,24.970491,99.45805,1
2024-12-26 21:45:11,24.970491,99.45805,1
2024-12-26 21:46:11,24.96998,99.4812,1
2024-12-26 21:47:11,24.969261,99.4812,1
2024-12-26 21:48:11,24.960962,99.4812,1
2024-12-26 21:49:11,24.959368,99.4812,1
2024-12-26 21:50:11,24.959368,99.4812,1
2024-12-26 21:51:11,24.959368,99.4812,1
2024-12-26 21:52:11,24.959368,99.4812,1
2024-12-26 21:53:11,24.959368,99.4812,1
2024-12-26 21:54:11,24.959368,99.4812,0
2024-12-26 21:55:11,24.959368,99.4812,0
2024-12-26 21:56:11,24.959368,99.4812,0
2024-12-26 21:57:11,24.959368,99.4812,0
2024-12-26 21:58:11,24.959368,99.4812,0
2024-12-26 21:59:11,24.959368,99.4812,1
2024-12-26 22:00:11,25.101473,99.33123,1
2024-12-26 22:01:11,25.101473,99.33123,1
2024-12-26 22:02:11,25.101473,99.33123,1
2024-12-26 22:03:11,25.101473,99.33123,1
2024-12-26 22:04:11,25.101473,99.33123,1
2024-12-26 22:05:11,25.101473,99.33362,1
2024-12-26 22:06:11,25.101473,99.451035,1
2024-12-26 22:07:11,25.101473,99.46394,1
2024-12-26 22:08:11,25.101473,99.49081,1
2024-12-26 22:09:11,25.101473,99.50148,1
2024-12-26 22:10:11,25.103825,99.521576,1
2024-12-26 22:11:11,25.113386,99.54436,1
2024-12-26 22:12:11,25.132772,99.54894,1
2024-12-26 22:13:11,25.150257,99.554184,1
2024-12-26 22:14:11,25.162771,99.570786,1
2024-12-26 22:15:11,25.162786,99.567276,1
2024-12-26 22:16:11,25.15269,99.48541,1
2024-12-26 22:17:11,25.154604,99.48887,1
2024-12-26 22:18:11,25.164614,99.43383,1
2024-12-26 22:19:11,25.175138,99.41915,1
2024-12-26 22:20:11,25.182516,99.40439,1
2024-12-26 22:21:11,25.18364,99.35479,0
2024-12-26 22:22:11,25.214172,99.33827,0
2024-12-26 22:23:11,25.232687,99.281334,0
2024-12-26 22:24:11,25.249552,99.24528,0
2024-12-26 22:25:11,25.25427,99.22409,0
2024-12-26 22:26:11,25.264784,99.14674,1
2024-12-26 22:27:11,25.269943,99.11885,1
2024-12-26 22:28:11,25.278656,99.11885,1
2024-12-26 22:29:11,25.288105,99.11885,1
2024-12-26 22:30:11,25.299282,99.11885,1
2024-12-26 22:31:11,25.308985,99.11885,1
2024-12-26 22:32:11,25.319765,99.093544,1
2024-12-26 22:33:11,25.328945,99.093544,1
2024-12-26 22:34:11,25.340155,99.093544,1
2024-12-26 22:35:11,25.398655,99.06657,1
2024-12-26 22:36:11,25.434229,98.97359,1
2024-12-26 22:37:11,25.442318,98.83878,1
2024-12-26 22:38:11,25.431885,98.77093,1
2024-12-26 22:39:11,25.431377,98.69056,1
2024-12-26 22:40:11,25.452742,98.538345,1
2024-12-26 22:41:11,25.50523,98.41023,1
2024-12-26 22:42:11,25.519045,98.21668,1
2024-12-26 22:43:11,25.58535,97.893265,1
2024-12-26 22:44:11,25.628828,97.53921,1
2024-12-26 22:45:11,25.628828,97.24482,1
2024-12-26 22:46:11,25.628317,97.24482,1
2024-12-26 22:47:11,25.627598,97.24482,1
2024-12-26 22:48:11,25.619299,97.24482,0
2024-12-26 22:49:11,25.617704,97.24482,0
2024-12-26 22:50:11,25.617704,97.24482,0
2024-12-26 22:51:11,25.617704,97.24482,0
2024-12-26 22:52:11,25.617704,97.24482,0
2024-12-26 22:53:11,25.617704,97.24482,1
2024-12-26 22:54:11,25.617704,97.24482,1
2024-12-26 22:55:11,25.617704,97.24482,1
2024-12-26 22:56:11,25.617704,97.24482,1
2024-12-26 22:57:11,25.617704,97.24482,1
2024-12-26 22:58:11,25.617704,97.24482,1
2024-12-26 22:59:11,25.617704,97.24482,1
2024-12-26 23:00:11,26.226381,96.13874,1
2024-12-26 23:01:11,26.226381,96.13874,1
2024-12-26 23:02:11,26.226381,96.13874,1
2024-12-26 23:03:11,26.226381,96.13874,1
2024-12-26 23:04:11,26.226381,96.13874,1
2024-12-26 23:05:11,26.226381,96.14113,1
2024-12-26 23:06:11,26.226381,96.201485,1
2024-12-26 23:07:11,26.226381,96.201485,1
2024-12-26 23:08:11,26.226381,96.201485,1
2024-12-26 23:09:11,26.226381,96.201485,1
2024-12-26 23:10:11,26.237442,96.201485,1
2024-12-26 23:11:11,26.251738,96.201485,1
2024-12-26 23:12:11,26.296558,96.201485,1
2024-12-26 23:13:11,26.331398,96.201485,1
2024-12-26 23:14:11,26.382301,96.09465,1
2024-12-26 23:15:11,26.449175,95.92396,0
2024-12-26 23:16:11,26.483044,95.82009,0
2024-12-26 23:17:11,26.526482,95.82009,0
2024-12-26 23:18:11,26.554869,95.75196,0
2024-12-26 23:19:11,26.581459,95.59353,0
2024-12-26 23:20:11,26.60573,95.32211,1
2024-12-26 23:21:11,26.630219,95.272514,1
2024-12-26 23:22:11,26.679665,94.84345,1
2024-12-26 23:23:11,26.70495,94.37149,1
2024-12-26 23:24:11,26.805124,94.106125,1
2024-12-26 23:25:11,26.827726,94.01271,1
2024-12-26 23:26:11,26.854225,93.661674,1
2024-12-26 23:27:11,26.888073,93.50615,1
2024-12-26 23:28:11,26.914148,93.4165,1
2024-12-26 23:29:11,26.964003,93.29305,1
2024-12-26 23:30:11,27.002321,93.11316,1
2024-12-26 23:31:11,27.063816,92.88343,1
2024-12-26 23:32:11,27.119345,92.606346,1
2024-12-26 23:33:11,27.211514,92.20416,1
2024-12-26 23:34:11,27.350943,91.36645,1
2024-12-26 23:35:11,27.51126,90.3022,1
2024-12-26 23:36:11,27.55854,89.634605,1
2024-12-26 23:37:11,27.56663,89.4998,1
2024-12-26 23:38:11,27.559795,89.431946,1
2024-12-26 23:39:11,27.559288,89.35158,1
2024-12-26 23:40:11,27.58887,89.19936,1
2024-12-26 23:41:11,27.641357,89.07125,1
2024-12-26 23:42:11,27.655172,88.8777,0
2024-12-26 23:43:11,27.777378,88.55428,0
2024-12-26 23:44:11,27.820856,88.200226,0
2024-12-26 23:45:11,27.820856,87.90584,0
2024-12-26 23:46:11,27.820345,87.90584,0
2024-12-26 23:47:11,27.819626,87.90584,1
2024-12-26 23:48:11,27.811327,87.90584,1
2024-12-26 23:49:11,27.809732,87.90584,1
2024-12-26 23:50:11,27.809732,87.90584,1
2024-12-26 23:51:11,27.809732,87.90584,1
2024-12-26 23:52:11,27.809732,87.90584,1
2024-12-26 23:53:11,27.809732,87.90584,1
2024-12-26 23:54:11,27.809732,87.90584,1
2024-12-26 23:55:11,27.809732,87.90584,1
2024-12-26 23:56:11,27.809732,87.90584,1
2024-12-26 23:57:11,27.809732,87.90584,1
2024-12-26 23:58:11,27.809732,87.90584,1
2024-12-26 23:59:11,27.809732,87.90584,1
2024-12-27 00:00:11,28.447628,87.6182,1
2024-12-27 00:01:11,28.447628,87.6182,1
2024-12-27 00:02:11,28.447628,87.6182,1
2024-12-27 00:03:11,28.447628,87.6182,1
2024-12-27 00:04:11,28.447628,87.6182,1
2024-12-27 00:05:11,28.447628,87.587585,1
2024-12-27 00:06:11,28.464085,87.457375,1
2024-12-27 00:07:11,28.46771,87.42268,1
2024-12-27 00:08:11,28.46771,87.338234,1
2024-12-27 00:09:11,28.469793,87.31812,0
2024-12-27 00:10:11,28.499565,87.27351,0
2024-12-27 00:11:11,28.577538,87.23144,0
2024-12-27 00:12:11,28.601727,87.2317,0
2024-12-27 00:13:11,28.618526,87.20646,0
2024-12-27 00:14:11,28.61555,87.11335,1
2024-12-27 00:15:11,28.610798,87.07201,1
2024-12-27 00:16:11,28.579687,87.05221,1
2024-12-27 00:17:11,28.543442,87.11907,1
2024-12-27 00:18:11,28.529688,87.18426,1
2024-12-27 00:19:11,28.561634,87.175575,1
2024-12-27 00:20:11,28.610807,87.13467,1
2024-12-27 00:21:11,28.683073,86.9921,1
2024-12-27 00:22:11,28.793869,86.78446,1
2024-12-27 00:23:11,28.844696,86.51615,1
2024-12-27 00:24:11,28.868406,86.39521,1
2024-12-27 00:25:11,28.889633,86.29698,1
2024-12-27 00:26:11,28.919039,86.21444,1
2024-12-27 00:27:11,28.948717,86.21444,1
2024-12-27 00:28:11,28.98256,86.21444,1
2024-12-27 00:29:11,29.026466,86.21444,1
2024-12-27 00:30:11,29.049156,86.18502,1
2024-12-27 00:31:11,29.078314,86.06609,1
2024-12-27 00:32:11,29.098791,85.987724,1
2024-12-27 00:33:11,29.130941,85.62411,1
2024-12-27 00:34:11,29.15407,85.457756,1
2024-12-27 00:35:11,29.195473,85.38946,1
2024-12-27 00:36:11,29.229818,85.18751,0
2024-12-27 00:37:11,29.25665,85.158424,0
2024-12-27 00:38:11,29.294168,84.89636,0
2024-12-27 00:39:11,29.315453,84.738205,0
2024-12-27 00:40:11,29.326334,84.51753,0
2024-12-27 00:41:11,29.32158,84.51753,1
2024-12-27 00:42:11,29.349771,84.53815,1
2024-12-27 00:43:11,29.354584,84.559555,1
2024-12-27 00:44:11,29.358295,84.559555,1
2024-12-27 00:45:11,29.36271,84.430984,1
2024-12-27 00:46:11,29.375643,84.37776,1
2024-12-27 00:47:11,29.37921,84.37776,1
2024-12-27 00:48:11,29.429308,84.37776,1
2024-12-27 00:49:11,29.443203,84.35612,1
2024-12-27 00:50:11,29.443203,84.15394,1
2024-12-27 00:51:11,29.443203,84.08811,1
2024-12-27 00:52:11,29.443203,84.08811,1
2024-12-27 00:53:11,29.443203,84.08811,1
2024-12-27 00:54:11,29.443203,84.08811,1
2024-12-27 00:55:11,29.443203,84.08811,1
2024-12-27 00:56:11,29.443203,84.08811,1
2024-12-27 00:57:11,29.443203,84.08811,1
2024-12-27 00:58:11,29.443203,84.08811,1
2024-12-27 00:59:11,29.443203,84.08811,1
2024-12-27 01:00:11,30.025692,81.52935,1
2024-12-27 01:01:11,30.025692,81.52935,1
2024-12-27 01:02:11,30.025692,81.52935,0
2024-12-27 01:03:11,30.025692,81.52935,0
2024-12-27 01:04:11,30.025692,81.52935,0
2024-12-27 01:05:11,30.025692,81.49873,0
2024-12-27 01:06:11,30.025692,81.36852,0
2024-12-27 01:07:11,30.029318,81.33383,1
2024-12-27 01:08:11,30.029318,81.2494,1
2024-12-27 01:09:11,30.0314,81.22927,1
2024-12-27 01:10:11,30.061172,81.18466,1
2024-12-27 01:11:11,30.077904,81.142586,1
2024-12-27 01:12:11,30.079771,81.142845,1
2024-12-27 01:13:11,30.096571,81.11761,1
2024-12-27 01:14:11,30.093594,81.02451,1
2024-12-27 01:15:11,30.087849,80.98317,1
2024-12-27 01:16:11,30.056738,80.96337,1
2024-12-27 01:17:11,30.02367,81.037056,1
2024-12-27 01:18:11,30.009916,81.10935,1
2024-12-27 01:19:11,30.041862,81.10935,0
2024-12-27 01:20:11,30.091036,81.06844,0
2024-12-27 01:21:11,30.131659,81.009026,0
2024-12-27 01:22:11,30.221548,80.801384,0
2024-12-27 01:23:11,30.257961,80.53307,0
2024-12-27 01:24:11,30.27433,80.41213,1
2024-12-27 01:25:11,30.288969,80.3139,1
2024-12-27 01:26:11,30.31098,80.23136,1
2024-12-27 01:27:11,30.325493,80.23136,1
2024-12-27 01:28:11,30.34384,80.23136,1
2024-12-27 01:29:11,30.365534,80.23136,1
2024-12-27 01:30:11,30.381887,80.20194,1
2024-12-27 01:31:11,30.396902,80.083015,1
2024-12-27 01:32:11,30.41738,80.00465,0
2024-12-27 01:33:11,30.435804,79.888084,0
2024-12-27 01:34:11,30.445604,79.849495,0
2024-12-27 01:35:11,30.47419,79.849495,0
2024-12-27 01:36:11,30.496325,79.849495,0
2024-12-27 01:37:11,30.517479,79.849495,1
2024-12-27 01:38:11,30.543736,79.58743,1
2024-12-27 01:39:11,30.554594,79.42926,1
2024-12-27 01:40:11,30.554066,79.2086,1
2024-12-27 01:41:11,30.549313,79.2086,1
2024-12-27 01:42:11,30.557493,79.22922,1
2024-12-27 01:43:11,30.558607,79.25061,0
2024-12-27 01:44:11,30.562319,79.25061,0
2024-12-27 01:45:11,30.566734,79.25061,0
2024-12-27 01:46:11,30.579666,79.19739,0
2024-12-27 01:47:11,30.583233,79.19739,0
2024-12-27 01:48:11,30.633331,79.19739,1
2024-12-27 01:49:11,30.647226,79.17574,1
2024-12-27 01:50:11,30.647226,78.973564,1
2024-12-27 01:51:11,30.647226,78.90774,1
2024-12-27 01:52:11,30.647226,78.90774,1
2024-12-27 01:53:11,30.647226,78.90774,1
2024-12-27 01:54:11,30.647226,78.90774,0
2024-12-27 01:55:11,30.647226,78.90774,0
2024-12-27 01:56:11,30.647226,78.90774,0
2024-12-27 01:57:11,30.647226,78.90774,0
2024-12-27 01:58:11,30.647226,78.90774,0
2024-12-27 01:59:11,30.647226,78.90774,1
2024-12-27 02:00:11,31.054827,78.007324,1
2024-12-27 02:01:11,31.054827,78.007324,1
2024-12-27 02:02:11,31.054827,78.007324,1
2024-12-27 02:03:11,31.054827,78.007324,1
2024-12-27 02:04:11,31.054827,78.007324,1
2024-12-27 02:05:11,31.054827,77.97671,0
2024-12-27 02:06:11,31.054827,77.8465,0
2024-12-27 02:07:11,31.058453,77.811806,0
2024-12-27 02:08:11,31.058453,77.727356,0
2024-12-27 02:09:11,31.060535,77.707245,0
2024-12-27 02:10:11,31.090307,77.662636,1
2024-12-27 02:11:11,31.107038,77.62056,1
2024-12-27 02:12:11,31.108906,77.62082,1
2024-12-27 02:13:11,31.11569,77.59558,1
2024-12-27 02:14:11,31.112713,77.50247,1
2024-12-27 02:15:11,31.106968,77.46113,1
2024-12-27 02:16:11,31.075857,77.44133,0
2024-12-27 02:17:11,31.05085,77.52614,0
2024-12-27 02:18:11,31.05085,77.59366,0
2024-12-27 02:19:11,31.072418,77.59366,0
2024-12-27 02:20:11,31.110361,77.59366,0
2024-12-27 02:21:11,31.11497,77.59366,1
2024-12-27 02:22:11,31.204859,77.50975,1
2024-12-27 02:23:11,31.23556,77.44003,1
2024-12-27 02:24:11,31.251928,77.44003,1
2024-12-27 02:25:11,31.266567,77.34179,1
2024-12-27 02:26:11,31.288578,77.25926,1
2024-12-27 02:27:11,31.288578,77.25926,0
2024-12-27 02:28:11,31.306925,77.25926,0
2024-12-27 02:29:11,31.328619,77.25926,0
2024-12-27 02:30:11,31.344973,77.25926,0
2024-12-27 02:31:11,31.359987,77.19206,0
2024-12-27 02:32:11,31.380465,77.11371,1
2024-12-27 02:33:11,31.39889,77.028015,1
2024-12-27 02:34:11,31.403225,76.989426,1
2024-12-27 02:35:11,31.43181,76.989426,1
2024-12-27 02:36:11,31.448761,76.989426,1
2024-12-27 02:37:11,31.46494,76.989426,1
2024-12-27 02:38:11,31.4676,76.72736,0
2024-12-27 02:39:11,31.470432,76.594124,0
2024-12-27 02:40:11,31.472103,76.44773,0
2024-12-27 02:41:11,31.46735,76.44773,0
2024-12-27 02:42:11,31.471952,76.468346,0
2024-12-27 02:43:11,31.469347,76.48975,1
2024-12-27 02:44:11,31.469873,76.48975,1
2024-12-27 02:45:11,31.467737,76.48975,1
2024-12-27 02:46:11,31.480669,76.43653,1
2024-12-27 02:47:11,31.484236,76.43653,1
2024-12-27 02:48:11,31.534334,76.43653,1
2024-12-27 02:49:11,31.528698,76.41489,0
2024-12-27 02:50:11,31.528698,76.21269,0
2024-12-27 02:51:11,31.528698,76.146866,0
2024-12-27 02:52:11,31.528698,76.146866,0
2024-12-27 02:53:11,31.528698,76.146866,0
2024-12-27 02:54:11,31.528698,76.146866,1
2024-12-27 02:55:11,31.528698,76.146866,1
2024-12-27 02:56:11,31.528698,76.146866,1
2024-12-27 02:57:11,31.528698,76.146866,1
2024-12-27 02:58:11,31.528698,76.146866,1
2024-12-27 02:59:11,31.528698,76.146866,1
2024-12-27 03:00:11,32.30578,75.16481,0
2024-12-27 03:01:11,32.30578,75.16481,0
2024-12-27 03:02:11,32.30578,75.16481,0
2024-12-27 03:03:11,32.30578,75.16481,0
2024-12-27 03:04:11,32.30578,75.16481,0
2024-12-27 03:05:11,32.30578,75.13419,1
2024-12-27 03:06:11,32.30578,75.00398,1
2024-12-27 03:07:11,32.309406,74.96929,1
2024-12-27 03:08:11,32.309406,74.88486,1
2024-12-27 03:09:11,32.31149,74.86473,1
2024-12-27 03:10:11,32.341255,74.82012,1
2024-12-27 03:11:11,32.357983,74.778046,0
2024-12-27 03:12:11,32.359844,74.778305,0
2024-12-27 03:13:11,32.36607,74.75307,0
2024-12-27 03:14:11,32.367794,74.65997,0
2024-12-27 03:15:11,32.363895,74.61863,0
2024-12-27 03:16:11,32.323433,74.59883,1
2024-12-27 03:17:11,32.287315,74.68364,1
2024-12-27 03:18:11,32.287315,74.75116,1
2024-12-27 03:19:11,32.292137,74.75116,1
2024-12-27 03:20:11,32.32111,74.75116,1
2024-12-27 03:21:11,32.32111,74.75116,1
2024-12-27 03:22:11,32.395954,74.66724,0
2024-12-27 03:23:11,32.41569,74.59752,0
2024-12-27 03:24:11,32.426476,74.59752,0
2024-12-27 03:25:11,32.43147,74.49929,0
2024-12-27 03:26:11,32.43147,74.41675,0
2024-12-27 03:27:11,32.43147,74.41675,1
2024-12-27 03:28:11,32.43147,74.41675,1
2024-12-27 03:29:11,32.43147,74.41675,1
2024-12-27 03:30:11,32.43147,74.41675,1
2024-12-27 03:31:11,32.43147,74.41675,1
2024-12-27 03:32:11,32.437294,74.41675,1
2024-12-27 03:33:11,32.44659,74.41675,0
2024-12-27 03:34:11,32.44659,74.41675,0
2024-12-27 03:35:11,32.470688,74.41675,0
2024-12-27 03:36:11,32.479305,74.41675,0
2024-12-27 03:37:11,32.479305,74.41675,0
2024-12-27 03:38:11,32.48088,74.24323,1
2024-12-27 03:39:11,32.48816,74.1757,1
2024-12-27 03:40:11,32.478687,74.1757,1
2024-12-27 03:41:11,32.467224,74.25085,1
2024-12-27 03:42:11,32.471832,74.40217,1
2024-12-27 03:43:11,32.46961,74.40217,1
2024-12-27 03:44:11,32.468414,74.40217,0
2024-12-27 03:45:11,32.46628,74.40217,0
2024-12-27 03:46:11,32.477196,74.348946,0
2024-12-27 03:47:11,32.48076,74.348946,0
2024-12-27 03:48:11,32.530846,74.348946,0
2024-12-27 03:49:11,32.525208,74.3273,1
2024-12-27 03:50:11,32.525208,74.3273,1
2024-12-27 03:51:11,32.525208,74.3273,1
2024-12-27 03:52:11,32.525208,74.3273,1
2024-12-27 03:53:11,32.525208,74.3273,1
2024-12-27 03:54:11,32.525208,74.3273,1
2024-12-27 03:55:11,32.525208,74.3273,0
2024-12-27 03:56:11,32.525208,74.3273,0
2024-12-27 03:57:11,32.525208,74.3273,0
2024-12-27 03:58:11,32.525208,74.3273,0
2024-12-27 03:59:11,32.525208,74.3273,0
2024-12-27 04:00:11,31.84431,73.708046,1
2024-12-27 04:01:11,31.84431,73.708046,1
2024-12-27 04:02:11,31.84431,73.708046,1
2024-12-27 04:03:11,31.84431,73.708046,1
2024-12-27 04:04:11,31.84431,73.708046,1
2024-12-27 04:05:11,31.84431,73.734535,1
2024-12-27 04:06:11,31.84431,73.6142,0
2024-12-27 04:07:11,31.847937,73.6251,0
2024-12-27 04:08:11,31.847937,73.676254,0
2024-12-27 04:09:11,31.85002,73.68692,0
2024-12-27 04:10:11,31.874653,73.73347,0
2024-12-27 04:11:11,31.886417,73.77077,1
2024-12-27 04:12:11,31.888285,73.82141,1
2024-12-27 04:13:11,31.888079,73.83507,1
2024-12-27 04:14:11,31.879974,73.87138,1
2024-12-27 04:15:11,31.85681,73.95153,1
2024-12-27 04:16:11,31.796951,73.967964,1
2024-12-27 04:17:11,31.757877,74.072945,0
2024-12-27 04:18:11,31.757877,74.140465,0
2024-12-27 04:19:11,31.756227,74.140465,0
2024-12-27 04:20:11,31.756468,74.140465,0
2024-12-27 04:21:11,31.756468,74.140465,0
2024-12-27 04:22:11,31.753258,74.15228,1
2024-12-27 04:23:11,31.752556,74.16355,1
2024-12-27 04:24:11,31.745409,74.16355,1
2024-12-27 04:25:11,31.745161,74.16725,1
2024-12-27 04:26:11,31.745161,74.1943,1
2024-12-27 04:27:11,31.745161,74.1943,1
2024-12-27 04:28:11,31.745161,74.1943,0
2024-12-27 04:29:11,31.745161,74.1943,0
2024-12-27 04:30:11,31.745161,74.1943,0
2024-12-27 04:31:11,31.745161,74.1943,0
2024-12-27 04:32:11,31.745161,74.1943,0
2024-12-27 04:33:11,31.745161,74.1943,1
2024-12-27 04:34:11,31.745161,74.1943,1
2024-12-27 04:35:11,31.745161,74.1943,1
2024-12-27 04:36:11,31.745161,74.1943,1
2024-12-27 04:37:11,31.745161,74.1943,1
2024-12-27 04:38:11,31.706516,74.121185,1
2024-12-27 04:39:11,31.713787,74.095474,0
2024-12-27 04:40:11,31.70274,74.095474,0
2024-12-27 04:41:11,31.68532,74.17062,0
2024-12-27 04:42:11,31.689922,74.32196,0
2024-12-27 04:43:11,31.687096,74.32196,0
2024-12-27 04:44:11,31.685917,74.32196,1
2024-12-27 04:45:11,31.68378,74.32196,1
2024-12-27 04:46:11,31.686691,74.28622,1
2024-12-27 04:47:11,31.688387,74.28622,1
2024-12-27 04:48:11,31.734629,74.28622,1
2024-12-27 04:49:11,31.747728,74.26457,1
2024-12-27 04:50:11,31.747728,74.26457,0
2024-12-27 04:51:11,31.747728,74.26457,0
2024-12-27 04:52:11,31.747728,74.26457,0
2024-12-27 04:53:11,31.747728,74.26457,0
2024-12-27 04:54:11,31.747728,74.26457,0
2024-12-27 04:55:11,31.747728,74.26457,1
2024-12-27 04:56:11,31.747728,74.26457,1
2024-12-27 04:57:11,31.747728,74.26457,1
2024-12-27 04:58:11,31.747728,74.26457,1
2024-12-27 04:59:11,31.747728,74.26457,1
2024-12-27 05:00:11,31.018108,78.04607,1
2024-12-27 05:01:11,31.018108,78.04607,0
2024-12-27 05:02:11,31.018108,78.04607,0
2024-12-27 05:03:11,31.018108,78.04607,0
2024-12-27 05:04:11,31.018108,78.04607,0
2024-12-27 05:05:11,31.018108,78.10439,0
2024-12-27 05:06:11,31.018108,78.32047,1
2024-12-27 05:07:11,31.015463,78.336266,1
2024-12-27 05:08:11,31.015463,78.39419,1
2024-12-27 05:09:11,31.01384,78.40487,1
2024-12-27 05:10:11,30.996664,78.46803,1
2024-12-27 05:11:11,30.987335,78.530205,1
2024-12-27 05:12:11,30.984167,78.598305,0
2024-12-27 05:13:11,30.976135,78.61544,0
2024-12-27 05:14:11,30.964453,78.686745,0
2024-12-27 05:15:11,30.941288,78.74682,0
2024-12-27 05:16:11,30.909374,78.76324,0
2024-12-27 05:17:11,30.8955,78.772545,1
2024-12-27 05:18:11,30.8955,78.772545,1
2024-12-27 05:19:11,30.890495,78.772545,1
2024-12-27 05:20:11,30.873016,78.772545,1
2024-12-27 05:21:11,30.873016,78.772545,1
2024-12-27 05:22:11,30.828796,78.83836,1
2024-12-27 05:23:11,30.817287,78.892815,0
2024-12-27 05:24:11,30.791441,78.892815,0
2024-12-27 05:25:11,30.784906,78.96135,0
2024-12-27 05:26:11,30.784906,79.04102,0
2024-12-27 05:27:11,30.784906,79.04102,0
2024-12-27 05:28:11,30.784906,79.04102,1
2024-12-27 05:29:11,30.784906,79.04102,1
2024-12-27 05:30:11,30.784906,79.04102,1
2024-12-27 05:31:11,30.784906,79.04102,1
2024-12-27 05:32:11,30.784906,79.04102,1
2024-12-27 05:33:11,30.784906,79.04102,1
2024-12-27 05:34:11,30.784906,79.04102,0
2024-12-27 05:35:11,30.784906,79.04102,0
2024-12-27 05:36:11,30.784906,79.04102,0
2024-12-27 05:37:11,30.784906,79.04102,0
2024-12-27 05:38:11,30.743624,79.16595,0
2024-12-27 05:39:11,30.730148,79.20067,1
2024-12-27 05:40:11,30.706848,79.20067,1
2024-12-27 05:41:11,30.689428,79.27582,1
2024-12-27 05:42:11,30.686808,79.427155,1
2024-12-27 05:43:11,30.678604,79.427155,1
2024-12-27 05:44:11,30.675514,79.427155,1
2024-12-27 05:45:11,30.673378,79.427155,0
2024-12-27 05:46:11,30.65124,79.4503,0
2024-12-27 05:47:11,30.62703,79.4503,0
2024-12-27 05:48:11,30.485735,79.4503,0
2024-12-27 05:49:11,30.42756,79.4503,0
2024-12-27 05:50:11,30.42756,79.4503,1
2024-12-27 05:51:11,30.42756,79.4503,1
2024-12-27 05:52:11,30.42756,79.4503,1
2024-12-27 05:53:11,30.42756,79.4503,1
2024-12-27 05:54:11,30.42756,79.4503,1
2024-12-27 05:55:11,30.42756,79.4503,1
2024-12-27 05:56:11,30.42756,79.4503,0
2024-12-27 05:57:11,30.42756,79.4503,0
2024-12-27 05:58:11,30.42756,79.4503,0
2024-12-27 05:59:11,30.42756,79.4503,0
2024-12-27 06:00:11,28.315805,91.32673,0
2024-12-27 06:01:11,28.315805,91.32673,1
2024-12-27 06:02:11,28.315805,91.32673,1
2024-12-27 06:03:11,28.315805,91.32673,1
2024-12-27 06:04:11,28.315805,91.32673,1
2024-12-27 06:05:11,28.315805,91.385056,1
2024-12-27 06:06:11,28.315805,91.601135,1
2024-12-27 06:07:11,28.31316,91.61693,1
2024-12-27 06:08:11,28.31316,91.67485,1
2024-12-27 06:09:11,28.311537,91.68553,1
2024-12-27 06:10:11,28.294361,91.748695,1
2024-12-27 06:11:11,28.285032,91.81087,1
2024-12-27 06:12:11,28.281864,91.87897,1
2024-12-27 06:13:11,28.273832,91.8961,1
2024-12-27 06:14:11,28.26215,91.96741,1
2024-12-27 06:15:11,28.238985,92.02748,1
2024-12-27 06:16:11,28.207071,92.0439,1
2024-12-27 06:17:11,28.193197,92.05321,1
2024-12-27 06:18:11,28.193197,92.05321,1
2024-12-27 06:19:11,28.188192,92.05321,1
2024-12-27 06:20:11,28.170713,92.05321,1
2024-12-27 06:21:11,28.170713,92.05321,1
2024-12-27 06:22:11,28.126493,92.119026,1
2024-12-27 06:23:11,28.114985,92.17348,0
2024-12-27 06:24:11,28.089138,92.17348,0
2024-12-27 06:25:11,28.082603,92.24201,0
2024-12-27 06:26:11,28.082603,92.321686,0
2024-12-27 06:27:11,28.082603,92.321686,0
2024-12-27 06:28:11,28.082603,92.321686,1
2024-12-27 06:29:11,28.082603,92.321686,1
2024-12-27 06:30:11,28.082603,92.321686,1
2024-12-27 06:31:11,28.082603,92.321686,1
2024-12-27 06:32:11,28.082603,92.321686,1
2024-12-27 06:33:11,28.082603,92.321686,1
2024-12-27 06:34:11,28.082603,92.321686,1
2024-12-27 06:35:11,28.082603,92.321686,1
2024-12-27 06:36:11,28.082603,92.321686,1
2024-12-27 06:37:11,28.082603,92.321686,1
2024-12-27 06:38:11,28.04132,92.44661,1
2024-12-27 06:39:11,28.027845,92.48133,1
2024-12-27 06:40:11,28.004545,92.48133,1
2024-12-27 06:41:11,27.987125,92.55648,1
2024-12-27 06:42:11,27.984505,92.70782,1
2024-12-27 06:43:11,27.976301,92.70782,1
2024-12-27 06:44:11,27.973211,92.70782,1
2024-12-27 06:45:11,27.971075,92.70782,1
2024-12-27 06:46:11,27.948936,92.730965,1
2024-12-27 06:47:11,27.924726,92.730965,1
2024-12-27 06:48:11,27.783432,92.730965,1
2024-12-27 06:49:11,27.725258,92.730965,1
2024-12-27 06:50:11,27.725258,92.730965,0
2024-12-27 06:51:11,27.725258,92.730965,0
2024-12-27 06:52:11,27.725258,92.730965,0
2024-12-27 06:53:11,27.725258,92.730965,0
2024-12-27 06:54:11,27.725258,92.730965,0
2024-12-27 06:55:11,27.725258,92.730965,1
2024-12-27 06:56:11,27.725258,92.730965,1
2024-12-27 06:57:11,27.725258,92.730965,1
2024-12-27 06:58:11,27.725258,92.730965,1
2024-12-27 06:59:11,27.725258,92.730965,1
2024-12-27 07:00:11,26.66609,96.08645,1
2024-12-27 07:01:11,26.66609,96.08645,1
2024-12-27 07:02:11,26.66609,96.08645,1
2024-12-27 07:03:11,26.66609,96.08645,1
2024-12-27 07:04:11,26.66609,96.08645,1
2024-12-27 07:05:11,26.66609,96.144775,1
2024-12-27 07:06:11,26.66609,96.360855,1
2024-12-27 07:07:11,26.663445,96.37665,1
2024-12-27 07:08:11,26.663445,96.434586,1
2024-12-27 07:09:11,26.661821,96.44525,1
2024-12-27 07:10:11,26.644646,96.508415,1
2024-12-27 07:11:11,26.635317,96.5706,1
2024-12-27 07:12:11,26.632149,96.63869,1
2024-12-27 07:13:11,26.624117,96.65584,1
2024-12-27 07:14:11,26.612434,96.72714,1
2024-12-27 07:15:11,26.595707,96.7872,1
2024-12-27 07:16:11,26.573372,96.803635,1
2024-12-27 07:17:11,26.559498,96.81294,0
2024-12-27 07:18:11,26.559498,96.81294,0
2024-12-27 07:19:11,26.554493,96.81294,0
2024-12-27 07:20:11,26.537014,96.81294,0
2024-12-27 07:21:11,26.537014,96.81294,0
2024-12-27 07:22:11,26.492794,96.878746,1
2024-12-27 07:23:11,26.481285,96.9332,1
2024-12-27 07:24:11,26.457886,96.9332,1
2024-12-27 07:25:11,26.453672,97.00175,1
2024-12-27 07:26:11,26.453672,97.081406,1
2024-12-27 07:27:11,26.453672,97.081406,1
2024-12-27 07:28:11,26.453672,97.081406,1
2024-12-27 07:29:11,26.453672,97.081406,1
2024-12-27 07:30:11,26.453672,97.081406,1
2024-12-27 07:31:11,26.453672,97.081406,1
2024-12-27 07:32:11,26.453672,97.081406,1
2024-12-27 07:33:11,26.453672,97.081406,1
2024-12-27 07:34:11,26.453672,97.081406,1
2024-12-27 07:35:11,26.453672,97.081406,1
2024-12-27 07:36:11,26.453672,97.081406,1
2024-12-27 07:37:11,26.453672,97.081406,1
2024-12-27 07:38:11,26.425402,97.206345,1
2024-12-27 07:39:11,26.411926,97.241066,1
2024-12-27 07:40:11,26.388626,97.241066,1
2024-12-27 07:41:11,26.374928,97.316216,1
2024-12-27 07:42:11,26.372307,97.46754,1
2024-12-27 07:43:11,26.364103,97.46754,1
2024-12-27 07:44:11,26.361013,97.46754,0
2024-12-27 07:45:11,26.358877,97.46754,0
2024-12-27 07:46:11,26.354254,97.490685,0
2024-12-27 07:47:11,26.353535,97.490685,0
2024-12-27 07:48:11,26.345236,97.490685,0
2024-12-27 07:49:11,26.338903,97.490685,1
2024-12-27 07:50:11,26.338903,97.490685,1
2024-12-27 07:51:11,26.338903,97.490685,1
2024-12-27 07:52:11,26.338903,97.490685,1
2024-12-27 07:53:11,26.338903,97.490685,1
2024-12-27 07:54:11,26.338903,97.490685,1
2024-12-27 07:55:11,26.338903,97.490685,1
2024-12-27 07:56:11,26.338903,97.490685,1
2024-12-27 07:57:11,26.338903,97.490685,1
2024-12-27 07:58:11,26.338903,97.490685,1
2024-12-27 07:59:11,26.338903,97.490685,1
2024-12-27 08:00:11,26.471539,98.05005,1
2024-12-27 08:01:11,26.471539,98.05005,1
2024-12-27 08:02:11,26.471539,98.05005,1
2024-12-27 08:03:11,26.471539,98.05005,1
2024-12-27 08:04:11,26.471539,98.05005,1
2024-12-27 08:05:11,26.471539,98.0569,1
2024-12-27 08:06:11,26.471539,98.27298,1
2024-12-27 08:07:11,26.468893,98.28877,1
2024-12-27 08:08:11,26.468893,98.346695,1
2024-12-27 08:09:11,26.46727,98.357376,1
2024-12-27 08:10:11,26.450094,98.42054,1
2024-12-27 08:11:11,26.440765,98.48271,0
2024-12-27 08:12:11,26.437597,98.55081,0
2024-12-27 08:13:11,26.429565,98.56795,0
2024-12-27 08:14:11,26.417883,98.63925,0
2024-12-27 08:15:11,26.401155,98.699326,0
2024-12-27 08:16:11,26.37882,98.715744,1
2024-12-27 08:17:11,26.364946,98.72505,1
2024-12-27 08:18:11,26.364946,98.72505,1
2024-12-27 08:19:11,26.359941,98.72505,1
2024-12-27 08:20:11,26.342463,98.72505,1
2024-12-27 08:21:11,26.342463,98.72505,1
2024-12-27 08:22:11,26.298243,98.79087,1
2024-12-27 08:23:11,26.286734,98.84532,1
2024-12-27 08:24:11,26.263334,98.84532,1
2024-12-27 08:25:11,26.25912,98.91386,1
2024-12-27 08:26:11,26.25912,98.99353,1
2024-12-27 08:27:11,26.25912,98.99353,1
2024-12-27 08:28:11,26.25912,98.99353,1
2024-12-27 08:29:11,26.25912,98.99353,1
2024-12-27 08:30:11,26.25912,98.99353,1
2024-12-27 08:31:11,26.25912,98.99353,1
2024-12-27 08:32:11,26.25912,98.99353,1
2024-12-27 08:33:11,26.25912,98.99353,1
2024-12-27 08:34:11,26.25912,98.99353,1
2024-12-27 08:35:11,26.25912,98.99353,1
2024-12-27 08:36:11,26.25912,98.99353,1
2024-12-27 08:37:11,26.25912,98.99353,1
2024-12-27 08:38:11,26.23085,99.118454,0
2024-12-27 08:39:11,26.217375,99.153175,0
2024-12-27 08:40:11,26.194075,99.153175,0
2024-12-27 08:41:11,26.180376,99.228325,0
2024-12-27 08:42:11,26.177755,99.37966,0
2024-12-27 08:43:11,26.169552,99.37966,1
2024-12-27 08:44:11,26.166462,99.37966,1
2024-12-27 08:45:11,26.164326,99.37966,1
2024-12-27 08:46:11,26.159702,99.40281,1
2024-12-27 08:47:11,26.158983,99.40281,1
2024-12-27 08:48:11,26.150684,99.40281,1
2024-12-27 08:49:11,26.144352,99.40281,1
2024-12-27 08:50:11,26.144352,99.40281,1
2024-12-27 08:51:11,26.144352,99.40281,1
2024-12-27 08:52:11,26.144352,99.40281,1
2024-12-27 08:53:11,26.144352,99.40281,1
2024-12-27 08:54:11,26.144352,99.40281,1
2024-12-27 08:55:11,26.144352,99.40281,1
2024-12-27 08:56:11,26.144352,99.40281,1
2024-12-27 08:57:11,26.144352,99.40281,1
2024-12-27 08:58:11,26.144352,99.40281,1
2024-12-27 08:59:11,26.144352,99.40281,1
2024-12-27 09:00:11,26.505186,98.72961,1
2024-12-27 09:01:11,26.505186,98.72961,1
2024-12-27 09:02:11,26.505186,98.72961,1
2024-12-27 09:03:11,26.505186,98.72961,1
2024-12-27 09:04:11,26.505186,98.72961,1
2024-12-27 09:05:11,26.505186,98.73646,0
2024-12-27 09:06:11,26.505186,98.95254,0
2024-12-27 09:07:11,26.50254,98.96833,0
2024-12-27 09:08:11,26.50254,99.02625,0
2024-12-27 09:09:11,26.500917,99.036934,0
2024-12-27 09:10:11,26.483742,99.1001,1
2024-12-27 09:11:11,26.474413,99.16227,1
2024-12-27 09:12:11,26.471245,99.23037,1
2024-12-27 09:13:11,26.463213,99.247505,1
2024-12-27 09:14:11,26.45153,99.31881,1
2024-12-27 09:15:11,26.434803,99.37888,1
2024-12-27 09:16:11,26.412468,99.3953,1
2024-12-27 09:17:11,26.398594,99.40461,1
2024-12-27 09:18:11,26.398594,99.40461,1
2024-12-27 09:19:11,26.393589,99.40461,1
2024-12-27 09:20:11,26.37611,99.40461,1
2024-12-27 09:21:11,26.37611,99.40461,1
2024-12-27 09:22:11,26.33189,99.47043,1
2024-12-27 09:23:11,26.320381,99.52488,1
2024-12-27 09:24:11,26.296982,99.52488,1
2024-12-27 09:25:11,26.292768,99.593414,1
2024-12-27 09:26:11,26.292768,99.67309,1
2024-12-27 09:27:11,26.292768,99.67309,1
2024-12-27 09:28:11,26.292768,99.67309,1
2024-12-27 09:29:11,26.292768,99.67309,1
2024-12-27 09:30:11,26.292768,99.67309,1
2024-12-27 09:31:11,26.292768,99.67309,1
2024-12-27 09:32:11,26.292768,99.67309,0
2024-12-27 09:33:11,26.292768,99.67309,0
2024-12-27 09:34:11,26.292768,99.67309,0
2024-12-27 09:35:11,26.292768,99.67309,0
2024-12-27 09:36:11,26.292768,99.67309,0
2024-12-27 09:37:11,26.292768,99.67309,1
2024-12-27 09:38:11,26.264498,99.79801,1
2024-12-27 09:39:11,26.251022,99.83273,1
2024-12-27 09:40:11,26.227722,99.83273,1
2024-12-27 09:41:11,26.214024,99.90788,1
2024-12-27 09:42:11,26.211403,100.05922,1
2024-12-27 09:43:11,26.2032,100.05922,1
2024-12-27 09:44:11,26.20011,100.05922,1
2024-12-27 09:45:11,26.197973,100.05922,1
2024-12-27 09:46:11,26.19335,100.08237,1
2024-12-27 09:47:11,26.19263,100.08237,1
2024-12-27 09:48:11,26.184332,100.08237,1
2024-12-27 09:49:11,26.178,100.08237,1
2024-12-27 09:50:11,26.178,100.08237,1
2024-12-27 09:51:11,26.178,100.08237,1
2024-12-27 09:52:11,26.178,100.08237,1
2024-12-27 09:53:11,26.178,100.08237,1
2024-12-27 09:54:11,26.178,100.08237,1
2024-12-27 09:55:11,26.178,100.08237,1
2024-12-27 09:56:11,26.178,100.08237,1
2024-12-27 09:57:11,26.178,100.08237,1
2024-12-27 09:58:11,26.178,100.08237,1
2024-12-27 09:59:11,26.178,100.08237,0
2024-12-27 10:00:11,26.343466,98.70373,0
2024-12-27 10:01:11,26.343466,98.70373,0
2024-12-27 10:02:11,26.343466,98.70373,0
2024-12-27 10:03:11,26.343466,98.70373,0
2024-12-27 10:04:11,26.343466,98.70373,1
2024-12-27 10:05:11,26.343466,98.71058,1
2024-12-27 10:06:11,26.343466,98.92666,1
2024-12-27 10:07:11,26.34082,98.94245,1
2024-12-27 10:08:11,26.34082,98.99607,1
2024-12-27 10:09:11,26.339197,99.00674,1
2024-12-27 10:10:11,26.322021,99.0699,1
2024-12-27 10:11:11,26.312693,99.13209,1
2024-12-27 10:12:11,26.309525,99.20017,1
2024-12-27 10:13:11,26.301493,99.21732,1
2024-12-27 10:14:11,26.28981,99.28863,1
2024-12-27 10:15:11,26.273083,99.34869,1
2024-12-27 10:16:11,26.250748,99.36512,1
2024-12-27 10:17:11,26.236874,99.37443,1
2024-12-27 10:18:11,26.236874,99.37443,1
2024-12-27 10:19:11,26.231869,99.37443,1
2024-12-27 10:20:11,26.21439,99.37443,1
2024-12-27 10:21:11,26.21439,99.37443,1
2024-12-27 10:22:11,26.18492,99.44023,1
2024-12-27 10:23:11,26.17341,99.482376,1
2024-12-27 10:24:11,26.150011,99.482376,1
2024-12-27 10:25:11,26.145798,99.54696,1
2024-12-27 10:26:11,26.145798,99.62662,0
2024-12-27 10:27:11,26.145798,99.62662,0
2024-12-27 10:28:11,26.145798,99.62662,0
2024-12-27 10:29:11,26.145798,99.62662,0
2024-12-27 10:30:11,26.145798,99.62662,0
2024-12-27 10:31:11,26.145798,99.62662,1
2024-12-27 10:32:11,26.145798,99.62662,1
2024-12-27 10:33:11,26.145798,99.62662,1
2024-12-27 10:34:11,26.145798,99.62662,1
2024-12-27 10:35:11,26.145798,99.62662,1
2024-12-27 10:36:11,26.145798,99.62662,1
2024-12-27 10:37:11,26.145798,99.62662,1
2024-12-27 10:38:11,26.117527,99.74098,1
2024-12-27 10:39:11,26.104052,99.7757,1
2024-12-27 10:40:11,26.0843,99.7757,1
2024-12-27 10:41:11,26.07169,99.84429,1
2024-12-27 10:42:11,26.069069,99.91735,1
2024-12-27 10:43:11,26.060865,99.91735,1
2024-12-27 10:44:11,26.057775,99.91735,1
2024-12-27 10:45:11,26.05564,99.91735,1
2024-12-27 10:46:11,26.051016,99.9405,1
2024-12-27 10:47:11,26.050297,99.9405,1
2024-12-27 10:48:11,26.041998,99.9405,1
2024-12-27 10:49:11,26.035666,99.9405,1
2024-12-27 10:50:11,26.035666,99.9405,1
2024-12-27 10:51:11,26.035666,99.9405,1
2024-12-27 10:52:11,26.035666,99.9405,1
2024-12-27 10:53:11,26.035666,99.9405,0
2024-12-27 10:54:11,26.035666,99.9405,0
2024-12-27 10:55:11,26.035666,99.9405,0
2024-12-27 10:56:11,26.035666,99.9405,0
2024-12-27 10:57:11,26.035666,99.9405,0
2024-12-27 10:58:11,26.035666,99.9405,1
2024-12-27 10:59:11,26.035666,99.9405,1
2024-12-27 11:00:11,26.191837,98.5003,1
2024-12-27 11:01:11,26.191837,98.5003,1
2024-12-27 11:02:11,26.191837,98.5003,1
2024-12-27 11:03:11,26.191837,98.5003,1
2024-12-27 11:04:11,26.191837,98.5003,1
2024-12-27 11:05:11,26.191837,98.536674,1
2024-12-27 11:06:11,26.191837,98.833885,1
2024-12-27 11:07:11,26.189192,98.84968,1
2024-12-27 11:08:11,26.189192,98.9033,1
2024-12-27 11:09:11,26.187569,98.91398,1
2024-12-27 11:10:11,26.170393,98.97714,1
2024-12-27 11:11:11,26.161064,99.03648,1
2024-12-27 11:12:11,26.157896,99.09398,1
2024-12-27 11:13:11,26.149864,99.10634,1
2024-12-27 11:14:11,26.140476,99.16886,1
2024-12-27 11:15:11,26.1285,99.217415,1
2024-12-27 11:16:11,26.118404,99.22449,1
2024-12-27 11:17:11,26.117048,99.22794,1
2024-12-27 11:18:11,26.117048,99.22794,1
2024-12-27 11:19:11,26.11244,99.22794,1
2024-12-27 11:20:11,26.095385,99.22794,0
2024-12-27 11:21:11,26.095385,99.22794,0
2024-12-27 11:22:11,26.066364,99.28659,0
2024-12-27 11:23:11,26.054855,99.31219,0
2024-12-27 11:24:11,26.04266,99.31219,0
2024-12-27 11:25:11,26.038877,99.368965,1
2024-12-27 11:26:11,26.038877,99.42343,1
2024-12-27 11:27:11,26.038877,99.42343,1
2024-12-27 11:28:11,26.038877,99.42343,1
2024-12-27 11:29:11,26.038877,99.42343,1
2024-12-27 11:30:11,26.038877,99.42343,1
2024-12-27 11:31:11,26.038877,99.42343,1
2024-12-27 11:32:11,26.038877,99.42343,1
2024-12-27 11:33:11,26.038877,99.42343,1
2024-12-27 11:34:11,26.038877,99.42343,1
2024-12-27 11:35:11,26.038877,99.42343,1
2024-12-27 11:36:11,26.038877,99.42343,1
2024-12-27 11:37:11,26.038877,99.42343,1
2024-12-27 11:38:11,26.010607,99.53778,1
2024-12-27 11:39:11,26.004478,99.5725,1
2024-12-27 11:40:11,25.994617,99.5725,1
2024-12-27 11:41:11,25.982008,99.58669,1
2024-12-27 11:42:11,25.979387,99.6105,1
2024-12-27 11:43:11,25.971184,99.6105,1
2024-12-27 11:44:11,25.968094,99.6105,1
2024-12-27 11:45:11,25.965958,99.6105,1
2024-12-27 11:46:11,25.961334,99.633644,1
2024-12-27 11:47:11,25.960615,99.633644,0
2024-12-27 11:48:11,25.952316,99.633644,0
2024-12-27 11:49:11,25.945984,99.633644,0
2024-12-27 11:50:11,25.945984,99.633644,0
2024-12-27 11:51:11,25.945984,99.633644,0
2024-12-27 11:52:11,25.945984,99.633644,1
2024-12-27 11:53:11,25.945984,99.633644,1
2024-12-27 11:54:11,25.945984,99.633644,1
2024-12-27 11:55:11,25.945984,99.633644,1
2024-12-27 11:56:11,25.945984,99.633644,1
2024-12-27 11:57:11,25.945984,99.633644,1
2024-12-27 11:58:11,25.945984,99.633644,1
2024-12-27 11:59:11,25.945984,99.633644,1
2024-12-27 12:00:11,26.32809,99.29022,1
2024-12-27 12:01:11,26.32809,99.29022,1
2024-12-27 12:02:11,26.32809,99.29022,1
2024-12-27 12:03:11,26.32809,99.29022,1
2024-12-27 12:04:11,26.32809,99.29022,1
2024-12-27 12:05:11,26.32809,99.29261,1
2024-12-27 12:06:11,26.32809,99.41003,1
2024-12-27 12:07:11,26.325445,99.42582,1
2024-12-27 12:08:11,26.325445,99.46778,1
2024-12-27 12:09:11,26.323822,99.47845,1
2024-12-27 12:10:11,26.306646,99.50451,1
2024-12-27 12:11:11,26.297318,99.5273,1
2024-12-27 12:12:11,26.29415,99.5259,1
2024-12-27 12:13:11,26.286118,99.53828,1
2024-12-27 12:14:11,26.27673,99.58333,0
2024-12-27 12:15:11,26.264753,99.626144,0
2024-12-27 12:16:11,26.254658,99.63322,0
2024-12-27 12:17:11,26.253302,99.63667,0
2024-12-27 12:18:11,26.253302,99.63667,0
2024-12-27 12:19:11,26.248693,99.63667,1
2024-12-27 12:20:11,26.231638,99.63667,1
2024-12-27 12:21:11,26.231638,99.63667,1
2024-12-27 12:22:11,26.202618,99.69137,1
2024-12-27 12:23:11,26.191109,99.713135,1
2024-12-27 12:24:11,26.178913,99.713135,1
2024-12-27 12:25:11,26.17513,99.76991,1
2024-12-27 12:26:11,26.17513,99.821236,1
2024-12-27 12:27:11,26.17513,99.821236,1
2024-12-27 12:28:11,26.17513,99.821236,1
2024-12-27 12:29:11,26.17513,99.821236,1
2024-12-27 12:30:11,26.17513,99.821236,1
2024-12-27 12:31:11,26.17513,99.821236,1
2024-12-27 12:32:11,26.17513,99.821236,1
2024-12-27 12:33:11,26.17513,99.821236,1
2024-12-27 12:34:11,26.17513,99.821236,1
2024-12-27 12:35:11,26.17513,99.821236,1
2024-12-27 12:36:11,26.17513,99.821236,1
2024-12-27 12:37:11,26.17513,99.821236,1
2024-12-27 12:38:11,26.14686,99.935585,1
2024-12-27 12:39:11,26.140732,99.97031,1
2024-12-27 12:40:11,26.13087,99.97031,1
2024-12-27 12:41:11,26.118261,99.95056,0
2024-12-27 12:42:11,26.11564,99.93872,0
2024-12-27 12:43:11,26.107437,99.93872,0
2024-12-27 12:44:11,26.104347,99.93872,0
2024-12-27 12:45:11,26.102211,99.93872,0
2024-12-27 12:46:11,26.097588,99.96187,1
2024-12-27 12:47:11,26.096869,99.96187,1
2024-12-27 12:48:11,26.08857,99.96187,1
2024-12-27 12:49:11,26.086975,99.96187,1
2024-12-27 12:50:11,26.086975,99.96187,1
2024-12-27 12:51:11,26.086975,99.96187,1
2024-12-27 12:52:11,26.086975,99.96187,1
2024-12-27 12:53:11,26.086975,99.96187,1
2024-12-27 12:54:11,26.086975,99.96187,1
2024-12-27 12:55:11,26.086975,99.96187,1
2024-12-27 12:56:11,26.086975,99.96187,1
2024-12-27 12:57:11,26.086975,99.96187,1
2024-12-27 12:58:11,26.086975,99.96187,1
2024-12-27 12:59:11,26.086975,99.96187,1
2024-12-27 13:00:11,26.302036,99.69308,1
2024-12-27 13:01:11,26.302036,99.69308,1
2024-12-27 13:02:11,26.302036,99.69308,1
2024-12-27 13:03:11,26.302036,99.69308,1
2024-12-27 13:04:11,26.302036,99.69308,1
2024-12-27 13:05:11,26.302036,99.695465,1
2024-12-27 13:06:11,26.302036,99.81288,1
2024-12-27 13:07:11,26.29939,99.828674,1
2024-12-27 13:08:11,26.29939,99.870636,0
2024-12-27 13:09:11,26.297768,99.88131,0
2024-12-27 13:10:11,26.280592,99.90737,0
2024-12-27 13:11:11,26.271263,99.93015,0
2024-12-27 13:12:11,26.268095,99.928764,0
2024-12-27 13:13:11,26.260063,99.94113,1
2024-12-27 13:14:11,26.250675,99.98618,1
2024-12-27 13:15:11,26.238699,100.029,1
2024-12-27 13:16:11,26.228603,100.03607,1
2024-12-27 13:17:11,26.227247,100.03953,1
2024-12-27 13:18:11,26.227247,100.03953,1
2024-12-27 13:19:11,26.22264,100.03953,1
2024-12-27 13:20:11,26.205584,100.03953,1
